cv_id,job_id,relevance,reason
MER00043I2,JOB_MER00043I2,1,"Candidate meets most of the requirements, including relevant skills and experience in Computer Science (Automotive Technology), with a strong affinity for IT and pragmatism. Additionally, they have worked part-time and are currently studying, making them a suitable candidate for this part-time working student role."
MER00043I2,JOB_MER00041FN,1,"Candidate has relevant technical skills (Python, C++, Java), experience with software development and IT environments, and education in Computer Science (Automotive Technology). They also have excellent problem-solving skills and strong analytical thinking."
MER00043I2,JOB_MER0003THB,1,"Candidate has relevant skills and education for the job, with a strong affinity for IT and pragmatism. The role requires expertise in AI & Data Value, which aligns with their Computer Science (Automotive Technology) degree."
MER00043I2,JOB_MER00040G3,1,"Candidate has relevant skills in automotive technology, programming languages, and operating systems. Additionally, they have experience with diagnostic methodologies and a strong analytical mindset."
MER00043I2,JOB_MER000440T,0,"Candidate lacks experience in autonomous driving industry, specifically 5 years of experience is required, and only 3 years are mentioned on the CV."
MER00041FN,JOB_MER00043I2,1,"Candidate has relevant experience in Research and Development, Automotive Design, and CAD software, which aligns with the job requirements. Additionally, their skills in NX, SolidWorks, Autocad, and Catia CAD software are also mentioned as relevant to the job."
MER00041FN,JOB_MER00041FN,1,"Candidate has relevant experience in automotive design, CAD software, and research at Mercedes-Benz Research and Development India Private Limited, making them a suitable fit for the job."
MER00041FN,JOB_MER0003THB,0,"Lack of experience in AI, Data Science, and Software Engineering. Relevant skills are mostly related to Mechanical Engineering and Automotive Industry."
MER00041FN,JOB_MER00040G3,1,"Candidate has experience in automotive design, research, and diagnostics, and meets most of the job requirements, including language proficiency, technical knowledge, and team player skills."
MER00041FN,JOB_MER000440T,0,"Lack of relevant experience in autonomous driving AD industry, although candidate has experience in automotive design and prototyping."
MER0003THB,JOB_MER00043I2,0,"Candidate lacks expertise in active safety and autonomous driving, with a background primarily in AI and machine learning."
MER0003THB,JOB_MER00041FN,0,"Candidate lacks experience in automotive engineering, design tools like NX, and industry-specific knowledge."
MER0003THB,JOB_MER0003THB,1,"Candidate has extensive experience in AI, machine learning, and software engineering, with a strong background in Python, Java, Scala, and cloud platforms. Skills align closely with job requirements."
MER0003THB,JOB_MER00040G3,0,"Lack of experience in automotive diagnostics, electronic control systems and Mercedes-Benz specific knowledge."
MER0003THB,JOB_MER000440T,0,"Although candidate has strong AI/ML background, job requires experience in autonomous driving AD industry and specific knowledge of odd map data collection related backend services, which is not mentioned in their CV."
MER00040G3,JOB_MER00043I2,0,"Lacks direct experience in automated driving and driving assistance systems, despite having a strong background in automotive diagnostics."
MER00040G3,JOB_MER00041FN,1,"Candidate has relevant experience in automotive diagnostics, electronics controlled vehicle systems, and design. Additionally, they have a strong background in providing expert guidance and support to the Mercedes-Benz network."
MER00040G3,JOB_MER0003THB,0,"Lacks direct experience with AI innovation, generative models and data analytics. While having a strong background in automotive diagnostics, there is no indication of skills transferability to the AI & Data Value team."
MER00040G3,JOB_MER00040G3,1,"Candidate has relevant work experience as a Senior Workshop Specialist and holds a certification in automotive diagnostic, aligning with the job requirements. Their skills also match the job description."
MER00040G3,JOB_MER000440T,0,"Candidate lacks experience in autonomous driving AD industry, specifically in backend product design and development, and AI/ML technologies, which are critical for the job requirements."
MER000440T,JOB_MER00043I2,0,"Lack of experience in testing and evaluation, as well as coordination activities, which are mentioned as part of the job responsibilities."
MER000440T,JOB_MER00041FN,1,"Candidate has experience in AD Backend Product Owner, AI/ML Technologies, Cloud Platforms, and Distributed Systems relevant to the job requirements."
MER000440T,JOB_MER0003THB,1,"Candidate has relevant experience as AD Backend Product Owner at Mercedes-Benz Group China Ltd., and the job requirements match their skills in AI/ML Technologies, backend development languages, cloud platforms, distributed systems, and data analytics."
MER000440T,JOB_MER00040G3,0,"Lack of explicit experience in aftersales diagnostics, customer support, and global team collaboration. While candidate has experience with autonomous driving systems, it's unclear how those skills translate to this role."
MER000440T,JOB_MER000440T,1,"Candidate has relevant experience as AD Backend Product Owner at Mercedes-Benz Group China Ltd., matching job requirements and responsibilities."
